{
  "val": {
    "mIoU": 0.6246564950152019,
    "pixel_accuracy": 0.9655842764060356,
    "mean_accuracy": 0.7184686295339885,
    "per_class": {
      "background": {
        "iou": 0.9719897729480297,
        "precision": 0.9937871593763061,
        "recall": 0.9779322470054347,
        "f1": 0.9857959572426703,
        "gt_pixels": 1079539,
        "pred_pixels": 1062316
      },
      "human": {
        "iou": 0.6111513687600644,
        "precision": 0.6371610845295056,
        "recall": 0.9373880827415869,
        "f1": 0.758651707853377,
        "gt_pixels": 16195,
        "pred_pixels": 23826
      },
      "obstacle": {
        "iou": 0.09232564524986271,
        "precision": 0.8364427860696517,
        "recall": 0.094023068857043,
        "f1": 0.16904417771633254,
        "gt_pixels": 14305,
        "pred_pixels": 1608
      },
      "road": {
        "iou": 0.9763108543253496,
        "precision": 0.9783584455732659,
        "recall": 0.9978609193330784,
        "f1": 0.9880134516172877,
        "gt_pixels": 593713,
        "pred_pixels": 605548
      },
      "sidewalk": {
        "iou": 0.7595674873072134,
        "precision": 0.7828914889415481,
        "recall": 0.9622578540980871,
        "f1": 0.8633570383476811,
        "gt_pixels": 131842,
        "pred_pixels": 162048
      },
      "speed_breaker": {
        "iou": 0.33659384150069177,
        "precision": 0.9602533504681476,
        "recall": 0.34134960516870066,
        "f1": 0.503659123736158,
        "gt_pixels": 30646,
        "pred_pixels": 10894
      }
    }
  },
  "test": {
    "mIoU": 0.5375678944398966,
    "pixel_accuracy": 0.9738709919410151,
    "mean_accuracy": 0.5798315161563102,
    "per_class": {
      "background": {
        "iou": 0.9665503759667877,
        "precision": 0.9969982233251629,
        "recall": 0.9693713472618725,
        "f1": 0.9829907108193108,
        "gt_pixels": 1113206,
        "pred_pixels": 1082359
      },
      "human": {
        "iou": 0.045346062052505964,
        "precision": 0.0867579908675799,
        "recall": 0.0867579908675799,
        "f1": 0.0867579908675799,
        "gt_pixels": 219,
        "pred_pixels": 219
      },
      "obstacle": {
        "iou": 0.3570741097208855,
        "precision": 0.6578014184397163,
        "recall": 0.4385342789598109,
        "f1": 0.526241134751773,
        "gt_pixels": 846,
        "pred_pixels": 564
      },
      "road": {
        "iou": 0.9465775591061629,
        "precision": 0.9497247098852718,
        "recall": 0.9965114423980288,
        "f1": 0.9725557090474382,
        "gt_pixels": 564130,
        "pred_pixels": 591921
      },
      "sidewalk": {
        "iou": 0.9062889903999835,
        "precision": 0.9196312727577115,
        "recall": 0.9842437680575152,
        "f1": 0.9508411316059934,
        "gt_pixels": 178596,
        "pred_pixels": 191144
      },
      "speed_breaker": {
        "iou": 0.0035702693930542034,
        "precision": 1.0,
        "recall": 0.0035702693930542034,
        "f1": 0.007115135834411385,
        "gt_pixels": 9243,
        "pred_pixels": 33
      }
    }
  }
}
